Word,Count
Python,40
used,14
data,13
software,10
programming,9
use,8
Coursera,7
build,7
like,7
machine,6
web,6
tasks,6
Data,6
popular,5
languages,5
learning,5
itâs,5
many,5
development,5
one,4
"language,",4
language,4
automate,4
The,4
analysis,4
testing,4
include,4
"engineers,",4
skills,4
Is,3
Used,3
For?,3
A,3
Beginnerâs,3
websites,3
general-purpose,3
create,3
This,3
Programming,3
take,3
look,3
computer,3
"tasks,",3
"2020,",3
professionals,3
"Python,",3
also,3
programs,3
Some,3
coders,3
Pythonâs,3
"files,",3
simple,3
With,3
new,3
learn,3
2,3
years,3
Accessed,3
August,3
"21,",3
What,2
Nov,2
"29,",2
become,2
everything,2
building,2
testing.,2
"world,",2
created,2
"science,",2
"automation,",2
everyday,2
versatility,2
Times,2
India,2
Language,2
Year,2
closer,2
start,2
often,2
"software,",2
various,2
made,2
In,2
IT,2
desired,2
name,2
Monty,2
Python.,2
task,2
relatively,2
easy,2
variety,2
says,2
write,2
making,2
problem,2
conduct,2
"visualisations,",2
libraries,2
enable,2
role,2
sending,2
several,2
jobs,2
"developers,",2
Does,2
Do,2
I,2
work,2
code,2
coding,2
across,2
even,2
finding,2
online,2
bug,2
tools,2
open,2
text,2
large,2
makes,2
easier,2
read,2
different,2
entry-level,2
means,2
free,2
modules,2
users,2
vast,2
community,2
support,2
need,2
basics,2
get,2
industries.,2
Analytics,2
enter,2
asked,2
questions,2
3,2
âChevron,2
long,2
want,2
frequently,2
professional,2
job,2
"""Python",2
"2021,",2
Guide,1
|,1
For,1
IndividualsFor,1
BusinessesFor,1
UniversitiesFor,1
GovernmentsExploreOnline,1
DegreesCareersLog,1
InJoin,1
Free0DataData,1
AnalyticsWhat,1
GuideWhat,1
GuideWritten,1
Staff,1
â¢,1
Updated,1
2023Python,1
recent,1
years.,1
It's,1
Developers,1
non-developers,1
alike,1
find,1
"useful.Python,",1
Netflixâs,1
recommendation,1
algorithm,1
controls,1
self-driving,1
cars.,1
range,1
"applications,",1
including,1
"development,",1
improving,1
ease,1
tasks.,1
reason,1
reports,1
repeatedly,1
TIOBE,1
"award,",1
recently,1
2021,1
[1].,1
Letâs,1
"is,",1
"do,",1
it.What,1
Python?Python,1
analyze,1
data.,1
specialized,1
specific,1
"problems,",1
programmes.,1
beginner-friendliness,1
today.,1
one-third,1
Indian,1
said,1
preferred,1
[2].,1
It,1
continues,1
top,1
lists,1
country.Did,1
know?,1
comes,1
When,1
Guido,1
van,1
Rossum,1
creating,1
reading,1
scripts,1
BBC's,1
Python's,1
Flying,1
Circus.,1
He,1
thought,1
appropriately,1
short,1
slightly,1
mysterious.What,1
for?Python,1
commonly,1
developing,1
"analysis,",1
visualisation.,1
Since,1
"learn,",1
adopted,1
"non-programmers,",1
accountants,1
"scientists,",1
organising,1
"finances.""Writing",1
creative,1
rewarding,1
"activity,""",1
University,1
Michigan,1
instructor,1
Charles,1
R,1
Severance,1
book,1
Everybody.,1
"""You",1
"reasons,",1
ranging,1
living,1
solving,1
difficult,1
fun,1
helping,1
someone,1
else,1
solve,1
"problem.""What",1
Python?,1
things,1
include:Data,1
learningWeb,1
developmentAutomation,1
scriptingSoftware,1
prototypingEveryday,1
tasksHereâs,1
common,1
ways,1
used.Data,1
learningPython,1
staple,1
allowing,1
analysts,1
complex,1
statistical,1
"calculations,",1
"algorithms,",1
manipulate,1
analyse,1
"data,",1
complete,1
data-related,1
tasks.Python,1
line,1
bar,1
"graphs,",1
pie,1
"charts,",1
"histogrammes,",1
3D,1
plots.,1
quickly,1
"efficiently,",1
TensorFlow,1
Keras.Web,1
developmentPython,1
develop,1
back,1
end,1
website,1
applicationâthe,1
parts,1
user,1
doesnât,1
see.,1
includes,1
"servers,",1
processing,1
communicating,1
"databases,",1
routing,1
"URLs,",1
ensuring,1
security.,1
offers,1
frameworks,1
development.,1
Commonly,1
ones,1
Django,1
Flask.Some,1
back-end,1
full-stack,1
DevOps,1
engineers.Â,1
Read,1
more:,1
Web,1
Designer,1
(and,1
How,1
Become,1
One)?Automation,1
scriptingIf,1
perform,1
"repeatedly,",1
efficiently,1
automating,1
Writing,1
automated,1
processes,1
called,1
scripting.,1
automation,1
check,1
errors,1
multiple,1
convert,1
execute,1
"math,",1
remove,1
duplicates,1
data.Relative,1
beginners,1
computerâsuch,1
renaming,1
downloading,1
"content,",1
emails,1
texts,1
intervals.Software,1
prototypingPython,1
aid,1
"control,",1
"tracking,",1
developers,1
products,1
features.,1
Green,1
Requestium.Everyday,1
tasksPython,1
programmers,1
scientists.,1
Learning,1
possibilities,1
less,1
data-heavy,1
"professions,",1
"journalists,",1
small,1
business,1
"owners,",1
social,1
media,1
marketers.,1
non-programmers,1
simplify,1
certain,1
lives.,1
Here,1
could,1
Python:Send,1
reminder,1
carry,1
umbrella,1
anytime,1
rainingUpdate,1
grocery,1
shopping,1
listRenaming,1
batches,1
filesConverting,1
files,1
spreadsheetsRandomly,1
assign,1
household,1
family,1
membersFill,1
forms,1
automaticallyWhy,1
popular?Python,1
reasons.,1
Here's,1
deeper,1
versatile,1
use.It,1
syntax,1
mimics,1
natural,1
understand.,1
quicker,1
projects,1
faster,1
improve,1
them.Itâs,1
versatile.,1
learning.Itâs,1
beginner,1
"friendly,",1
coders.Itâs,1
"source,",1
"distribute,",1
commercial,1
purposes.Pythonâs,1
archive,1
librariesâbundles,1
third-party,1
expand,1
capabilitiesâis,1
growing.Python,1
active,1
contributes,1
pool,1
acts,1
helpful,1
resource,1
programmers.,1
"help,",1
solution,1
easy;,1
somebody,1
likely,1
encountered,1
before.Practice,1
independently,1
tutorials,1
Not,1
ready,1
commit,1
course,1
boot,1
camp,1
yet?,1
You,1
step-by-step,1
guides,1
troubleshooting,1
"syntax,",1
if-else,1
"statements,",1
"exceptions,",1
working,1
loops,1
Coursera's,1
tutorials.Ready,1
started?Python,1
valuable,1
skill,1
Whether,1
background,1
taking,1
first,1
step,1
"field,",1
completing,1
certificate,1
Googleâs,1
Google,1
Professional,1
Certificate,1
help,1
technical,1
needed,1
expanding,1
world,1
computers,1
software.,1
"certificate,",1
choose,1
analytics,1
continue,1
advanced,1
roles,1
"programmers,",1
more.Â,1
Frequently,1
(FAQ)Chevron,1
RightShould,1
3?âPython,1
considered,1
up-to-date,1
overtaken,1
popularity.,1
"JetBrains,",1
"company,",1
found,1
per,1
cent,1
surveyed,1
still,1
2.,1
sunsetted,1
January,1
longer,1
updated,1
"fixes,",1
security,1
"patches,",1
features,1
3.,1
RightHow,1
Python?âLearning,1
anywhere,1
weeks,1
"months,",1
depending,1
learn.,1
But,1
since,1
usesâand,1
usesâyou,1
spend,1
applications.,1
Knowing,1
accomplish,1
wish,1
professionally,1
determine,1
journey,1
be.Â,1
âIt,1
lot,1
programmer,1
today,1
20,1
"ago,â",1
Severance.,1
âYou,1
degree,1
experience,1
programming.,1
increasing,1
popularity,1
gain,1
necessary,1
begin,1
writing,1
part,1
months.ââChevron,1
RightWho,1
uses,1
today?âOf,1
hundreds,1
"there,",1
remains,1
choice,1
among,1
numerous,1
companies,1
organisations.,1
familiar,1
names,1
"Google,",1
"PixelCrayons,",1
"AllianceTek,",1
Chimpare.,1
RightWhat,1
types,1
Python?âSince,1
fields,1
These,1
titles,1
may,1
Python:â¢,1
Developerâ¢,1
analystâ¢,1
scientistâ¢,1
Ethical,1
hacker/penetration,1
testerâ¢,1
Software,1
engineerâ¢,1
journalistâ¢,1
Cloud,1
architectâ¢,1
QA,1
engineer,1
âShow,1
4,1
Article,1
sources1.Â,1
India.,1
TIOBE's,1
"https://timesofindia.indiatimes.com/business/india-business/python-is-tiobes-programming-language-of-the-year-2021/articleshow/88853232.cms.""",1
2023.Â,1
2.Â,1
Statista.,1
"""Preferred",1
techies,1
upskills,1
"https://www.statista.com/statistics/1112542/india-programming-languages-most-preferred-by-it-professionals/.""",1
2023.3.Â,1
JetBrains.,1
-,1
State,1
Developer,1
Ecosystem,1
"https://www.jetbrains.com/lp/devecosystem-2021/python/.""",1
2023.View,1
sourcesKeep,1
readingUpdated,1
2023Written,1
by:CCoursera,1
StaffEditorial,1
TeamCourseraâs,1
editorial,1
team,1
comprised,1
highly,1
experienced,1
"editors,",1
"writers,",1
fact...This,1
content,1
available,1
informational,1
purposes,1
only.,1
Learners,1
advised,1
additional,1
research,1
ensure,1
courses,1
credentials,1
pursued,1
meet,1
"personal,",1
"professional,",1
financial,1
goals.,1
FooterTechnical,1
SkillsChatGPTCodingComputer,1
ScienceCybersecurityDevOpsEthical,1
HackingGenerative,1
AIJava,1
ProgrammingPythonWeb,1
DevelopmentAnalytical,1
SkillsArtificial,1
IntelligenceBig,1
DataBusiness,1
AnalysisData,1
AnalyticsData,1
ScienceFinancial,1
ModelingMachine,1
LearningMicrosoft,1
ExcelMicrosoft,1
Power,1
BISQLBusiness,1
SkillsAccountingDigital,1
MarketingE-commerceFinanceGoogleGraphic,1
DesignIBMMarketingProject,1
ManagementSocial,1
Media,1
MarketingCareer,1
ResourcesEssential,1
CertificationsHigh-Income,1
Skills,1
LearnHow,1
Get,1
PMP,1
CertificationHow,1
Learn,1
Artificial,1
IntelligencePopular,1
Cybersecurity,1
CertificationsPopular,1
CertificationsWhat,1
Analyst,1
Do?Career,1
Education,1
ArticlesCareer,1
Development,1
ResourcesCareer,1
Aptitude,1
TestCourseraAboutWhat,1
We,1
OfferLeadershipCareersCatalogCoursera,1
PlusProfessional,1
CertificatesMasterTrackÂ®,1
CertificatesDegreesFor,1
EnterpriseFor,1
GovernmentFor,1
CampusBecome,1
PartnerSocial,1
ImpactFree,1
CoursesECTS,1
Credit,1
RecommendationsCommunityLearnersPartnersBeta,1
TestersBlogThe,1
PodcastTech,1
BlogTeaching,1
CenterMorePressInvestorsTermsPrivacyHelpAccessibilityContactArticlesDirectoryAffiliatesModern,1
Slavery,1
StatementManage,1
Cookie,1
PreferencesLearn,1
AnywhereÂ©,1
2025,1
Inc.,1
All,1
rights,1
reserved.,1
